Workbook
Name Slicer_Department: #N/A
Name Slicer_Employee_Name: #N/A

Sheet Raw Data
A1: Employee Id | B1: Employee Name | C1: Department | D1: Date | E1: Status | F1: Tasks Completed
A2: E001 | B2: John Smith | C2: HR | D2: 45292 | E2: Present | F2: 5
A3: E002 | B3: Jane Doe | C3: HR | D3: 45292 | E3: Present | F3: 4
A4: E003 | B4: Michael Brown | C4: HR | D4: 45292 | E4: Absent | F4: 0
A5: E004 | B5: Emma Davis | C5: HR | D5: 45292 | E5: Present | F5: 6
A6: E005 | B6: Oliver Wilson | C6: Finance | D6: 45292 | E6: Present | F6: 5
A7: E006 | B7: Sophia Johnson | C7: Finance | D7: 45292 | E7: Absent | F7: 0
A8: E007 | B8: Liam Miller | C8: Finance | D8: 45292 | E8: Present | F8: 4
A9: E008 | B9: Olivia Moore | C9: Finance | D9: 45292 | E9: Present | F9: 5
A10: E009 | B10: Noah Taylor | C10: IT | D10: 45292 | E10: Present | F10: 6
A11: E010 | B11: Ava Anderson | C11: IT | D11: 45292 | E11: Absent | F11: 0
A12: E011 | B12: Elijah Thomas | C12: IT | D12: 45292 | E12: Present | F12: 5
A13: E012 | B13: Isabella Jackson | C13: IT | D13: 45292 | E13: Present | F13: 4
... A601: E020 | B601: Chloe Adams | C601: Sales | D601: 45321 | E601: Present | F601: 5

Sheet Calculations
A1: Employee Name | B1: Total Days | C1: Present days | D1: Absent Days | E1: Attendance % | F1: Avg Tasks
A2: John Smith | B2: =COUNTIF('Raw Data'!B2:B601,Calculations!A2) -> 30 | C2: =COUNTIFS('Raw Data'!B2:B601,A2,'Raw Data'!E2:E601,"Present") -> 30 | D2: =COUNTIFS('Raw Data'!B2:B601,A2,'Raw Data'!E2:E601,"Absent") -> 0 | E2: =C2/B2*100 -> 100 | F2: =AVERAGEIFS('Raw Data'!F2:F601,'Raw Data'!B2:B601,A2) -> 5.5
A3: Jane Doe | B3: =COUNTIF('Raw Data'!B3:B602,Calculations!A3) -> 30 | C3: =COUNTIFS('Raw Data'!B3:B602,A3,'Raw Data'!E3:E602,"Present") -> 15 | D3: =COUNTIFS('Raw Data'!B3:B602,A3,'Raw Data'!E3:E602,"Absent") -> 15 | E3: =C3/B3*100 -> 50 | F3: =AVERAGEIFS('Raw Data'!F3:F602,'Raw Data'!B3:B602,A3) -> 2
A4: Michael Brown | B4: =COUNTIF('Raw Data'!B4:B603,Calculations!A4) -> 30 | C4: =COUNTIFS('Raw Data'!B4:B603,A4,'Raw Data'!E4:E603,"Present") -> 15 | D4: =COUNTIFS('Raw Data'!B4:B603,A4,'Raw Data'!E4:E603,"Absent") -> 15 | E4: =C4/B4*100 -> 50 | F4: =AVERAGEIFS('Raw Data'!F4:F603,'Raw Data'!B4:B603,A4) -> 2
A5: Emma Davis | B5: =COUNTIF('Raw Data'!B5:B604,Calculations!A5) -> 30 | C5: =COUNTIFS('Raw Data'!B5:B604,A5,'Raw Data'!E5:E604,"Present") -> 30 | D5: =COUNTIFS('Raw Data'!B5:B604,A5,'Raw Data'!E5:E604,"Absent") -> 0 | E5: =C5/B5*100 -> 100 | F5: =AVERAGEIFS('Raw Data'!F5:F604,'Raw Data'!B5:B604,A5) -> 5.5
A6: Oliver Wilson | B6: =COUNTIF('Raw Data'!B6:B605,Calculations!A6) -> 30 | C6: =COUNTIFS('Raw Data'!B6:B605,A6,'Raw Data'!E6:E605,"Present") -> 15 | D6: =COUNTIFS('Raw Data'!B6:B605,A6,'Raw Data'!E6:E605,"Absent") -> 15 | E6: =C6/B6*100 -> 50 | F6: =AVERAGEIFS('Raw Data'!F6:F605,'Raw Data'!B6:B605,A6) -> 2.5
A7: Sophia Johnson | B7: =COUNTIF('Raw Data'!B7:B606,Calculations!A7) -> 30 | C7: =COUNTIFS('Raw Data'!B7:B606,A7,'Raw Data'!E7:E606,"Present") -> 15 | D7: =COUNTIFS('Raw Data'!B7:B606,A7,'Raw Data'!E7:E606,"Absent") -> 15 | E7: =C7/B7*100 -> 50 | F7: =AVERAGEIFS('Raw Data'!F7:F606,'Raw Data'!B7:B606,A7) -> 3
A8: Liam Miller | B8: =COUNTIF('Raw Data'!B8:B607,Calculations!A8) -> 30 | C8: =COUNTIFS('Raw Data'!B8:B607,A8,'Raw Data'!E8:E607,"Present") -> 30 | D8: =COUNTIFS('Raw Data'!B8:B607,A8,'Raw Data'!E8:E607,"Absent") -> 0 | E8: =C8/B8*100 -> 100 | F8: =AVERAGEIFS('Raw Data'!F8:F607,'Raw Data'!B8:B607,A8) -> 4.5
A9: Olivia Moore | B9: =COUNTIF('Raw Data'!B9:B608,Calculations!A9) -> 30 | C9: =COUNTIFS('Raw Data'!B9:B608,A9,'Raw Data'!E9:E608,"Present") -> 30 | D9: =COUNTIFS('Raw Data'!B9:B608,A9,'Raw Data'!E9:E608,"Absent") -> 0 | E9: =C9/B9*100 -> 100 | F9: =AVERAGEIFS('Raw Data'!F9:F608,'Raw Data'!B9:B608,A9) -> 4.5
A10: Noah Taylor | B10: =COUNTIF('Raw Data'!B10:B609,Calculations!A10) -> 30 | C10: =COUNTIFS('Raw Data'!B10:B609,A10,'Raw Data'!E10:E609,"Present") -> 15 | D10: =COUNTIFS('Raw Data'!B10:B609,A10,'Raw Data'!E10:E609,"Absent") -> 15 | E10: =C10/B10*100 -> 50 | F10: =AVERAGEIFS('Raw Data'!F10:F609,'Raw Data'!B10:B609,A10) -> 3
A11: Ava Anderson | B11: =COUNTIF('Raw Data'!B11:B610,Calculations!A11) -> 30 | C11: =COUNTIFS('Raw Data'!B11:B610,A11,'Raw Data'!E11:E610,"Present") -> 15 | D11: =COUNTIFS('Raw Data'!B11:B610,A11,'Raw Data'!E11:E610,"Absent") -> 15 | E11: =C11/B11*100 -> 50 | F11: =AVERAGEIFS('Raw Data'!F11:F610,'Raw Data'!B11:B610,A11) -> 3
A12: Elijah Thomas | B12: =COUNTIF('Raw Data'!B12:B611,Calculations!A12) -> 30 | C12: =COUNTIFS('Raw Data'!B12:B611,A12,'Raw Data'!E12:E611,"Present") -> 30 | D12: =COUNTIFS('Raw Data'!B12:B611,A12,'Raw Data'!E12:E611,"Absent") -> 0 | E12: =C12/B12*100 -> 100 | F12: =AVERAGEIFS('Raw Data'!F12:F611,'Raw Data'!B12:B611,A12) -> 5
A13: Isabella Jackson | B13: =COUNTIF('Raw Data'!B13:B612,Calculations!A13) -> 30 | C13: =COUNTIFS('Raw Data'!B13:B612,A13,'Raw Data'!E13:E612,"Present") -> 30 | D13: =COUNTIFS('Raw Data'!B13:B612,A13,'Raw Data'!E13:E612,"Absent") -> 0 | E13: =C13/B13*100 -> 100 | F13: =AVERAGEIFS('Raw Data'!F13:F612,'Raw Data'!B13:B612,A13) -> 4
... A21: Chloe Adams | B21: =COUNTIF('Raw Data'!B21:B620,Calculations!A21) -> 30 | C21: =COUNTIFS('Raw Data'!B21:B620,A21,'Raw Data'!E21:E620,"Present") -> 30 | D21: =COUNTIFS('Raw Data'!B21:B620,A21,'Raw Data'!E21:E620,"Absent") -> 0 | E21: =C21/B21*100 -> 100 | F21: =AVERAGEIFS('Raw Data'!F21:F620,'Raw Data'!B21:B620,A21) -> 4.5

Sheet Status by Department
A3: Row Labels | B3: Count of Status
A4: Finance | B4: 120
A5: HR | B5: 120
A6: IT | B6: 120
A7: Marketing | B7: 120
A8: Sales | B8: 120
A9: Grand Total | B9: 600

Sheet Average attendance of employee
A3: Row Labels | B3: Sum of Attendance %
A4: Ava Anderson | B4: 0.5
A5: Ava Turner | B5: 1
A6: Chloe Adams | B6: 1
A7: Elijah Thomas | B7: 1
A8: Emma Davis | B8: 1
A9: Ethan King | B9: 1
A10: Isabella Jackson | B10: 1
A11: Isabella Scott | B11: 0.5
A12: Jane Doe | B12: 0.5
A13: John Smith | B13: 1
A14: Liam Miller | B14: 1
A15: Liam Walker | B15: 0.5
... A24: Grand Total | B24: 15

Sheet Avg Tasks of employee
A3: Row Labels | B3: Sum of Avg Tasks
A4: Ava Anderson | B4: 3
A5: Ava Turner | B5: 5.5
A6: Chloe Adams | B6: 4.5
A7: Elijah Thomas | B7: 5
A8: Emma Davis | B8: 5.5
A9: Ethan King | B9: 5.5
A10: Isabella Jackson | B10: 4
A11: Isabella Scott | B11: 2.5
A12: Jane Doe | B12: 2
A13: John Smith | B13: 5.5
A14: Liam Miller | B14: 4.5
A15: Liam Walker | B15: 3
... A24: Grand Total | B24: 76

Sheet Dashboard
G1: DASHBOARD

Sheet INSIGHTS
G1: INSIGHTS
F7: 1.All departments show the equal attendance rate.
F8: 2. Some Employees have attendance 50% and require monitering.
F9: 3. Employees with higher attendance tend to complete more tasks.
